City_ID,City,Lat,Lng,Max Temp,Humidity,Cloudiness,Wind Speed,Country,Date
0,port-aux-francais,-49.35,70.2167,0.76,64,85,4.0,TF,1730243017
1,fada,7.25,4.0667,24.37,94,75,3.09,NG,1730243018
2,lubango,-14.9172,13.4925,16.92,63,0,0.51,AO,1730243019
3,pisco,-13.7,-76.2167,19.03,77,0,9.77,PE,1730243009
4,ushuaia,-54.8,-68.3,4.81,87,100,11.83,AR,1730242836
5,viedma,-40.8135,-62.9967,20.92,29,79,4.3,AR,1730242929
6,caleta de carquin,-11.0925,-77.6267,18.83,78,45,5.63,PE,1730243024
7,bilibino,68.0546,166.4372,-22.05,98,16,1.71,RU,1730243027
8,blackmans bay,-43.0167,147.3167,12.63,66,100,0.45,AU,1730243028
9,saudarkrokur,65.7461,-19.6394,2.54,98,99,4.44,IS,1730243029
10,edinburgh of the seven seas,-37.0676,-12.3116,13.97,75,8,8.68,SH,1730243030
11,puerto ayora,-0.7393,-90.3518,21.42,92,58,1.34,EC,1730242785
12,lazaro cardenas,17.9583,-102.2,28.53,74,1,2.61,MX,1730243033
13,namibe,-15.1961,12.1522,18.14,82,8,3.39,AO,1730243034
14,taroa,8.7058,171.2275,28.94,76,63,7.03,MH,1730243035
15,princeville,45.7668,-61.2985,3.51,75,100,2.57,CA,1730243036
16,lucknow,26.85,80.9167,22.99,88,4,1.03,IN,1730242803
17,thompson,55.7435,-97.8558,2.09,64,75,3.6,CA,1730243039
18,kayangel,8.0823,134.7173,28.62,77,100,4.23,PW,1730243040
19,kyren,51.6828,102.1408,1.11,97,99,0.59,RU,1730243041
20,gebeit,21.0667,36.3167,23.87,64,16,2.7,SD,1730243042
21,bela vista,-22.1089,-56.5211,29.21,48,70,0.49,BR,1730242891
22,san julian,21.0167,-102.1667,23.81,28,45,4.28,MX,1730243046
23,mayahi,13.9553,7.6712,27.7,15,88,4.3,NE,1730243047
24,yellowknife,62.456,-114.3525,-7.55,97,75,3.6,CA,1730242887
25,jamestown,42.097,-79.2353,20.57,63,0,5.66,US,1730242929
26,klaksvik,62.2266,-6.589,8.4,75,100,13.51,FO,1730243052
27,port mathurin,-19.6833,63.4167,22.99,82,8,5.09,MU,1730243054
28,jining,35.405,116.5814,13.53,71,100,1.97,CN,1730243055
29,badger,64.8,-147.5333,-4.05,77,100,3.6,US,1730243056
30,papatowai,-46.5619,169.4708,12.02,63,100,6.32,NZ,1730243057
31,salahonda,2.1019,-78.7217,26.04,82,92,6.09,CO,1730243058
32,port lincoln,-34.7333,135.8667,17.16,67,3,2.34,AU,1730243018
33,iskateley,67.6803,53.1512,0.81,86,100,5.42,RU,1730243061
34,flying fish cove,-10.4217,105.6791,24.82,88,40,3.6,CX,1730243062
35,aasiaat,68.7098,-52.8699,-17.86,85,33,4.65,GL,1730243063
36,san patricio,28.017,-97.5169,28.97,61,60,8.06,US,1730243064
37,puerto natales,-51.7236,-72.4875,6.25,93,75,5.14,CL,1730243066
38,borisoglebskiy,57.2586,39.1508,0.57,94,13,2.65,RU,1730243067
39,aral,40.5156,81.2636,9.93,35,0,2.73,CN,1730243068
40,west island,-12.1568,96.8225,25.99,83,75,4.12,CC,1730243069
41,ketchikan,55.3422,-131.6461,7.99,87,100,13.38,US,1730243071
42,bahia de kino,28.8333,-111.9333,25.39,41,1,6.39,MX,1730243072
43,waitangi,-43.9535,-176.5597,12.75,93,100,9.04,NZ,1730243073
44,wailua homesteads,22.0669,-159.378,27.44,80,40,7.72,US,1730243074
45,chonchi,-42.6128,-73.8092,14.21,72,100,2.29,CL,1730243075
46,xishan,27.6667,113.5,13.92,82,0,1.5,CN,1730243077
47,kzyltu,53.6364,72.3414,0.01,92,92,3.33,KZ,1730243078
48,adamstown,-25.066,-130.1015,21.34,70,27,2.79,PN,1730243079
49,mumford,5.2618,-0.759,25.51,86,66,1.5,GH,1730243080
50,san ignacio de velasco,-16.3667,-60.95,23.06,88,65,1.36,BO,1730243081
51,isafjordur,66.0755,-23.124,-1.32,92,98,3.32,IS,1730243083
52,tsiombe,-25.3,45.4833,26.8,61,100,1.42,MG,1730243084
53,chu,43.5983,73.7614,4.9,71,99,2.3,KZ,1730242909
54,esikhaleni,-28.871,31.8996,18.52,80,2,2.34,ZA,1730243087
55,richards bay,-28.783,32.0377,18.27,82,3,2.37,ZA,1730243088
56,bol'shoye kozino,56.4045,43.7147,3.99,87,100,5.0,RU,1730243089
57,lihue,21.9789,-159.3672,27.77,77,40,7.72,US,1730243090
58,gaurnadi,22.9667,90.2333,23.97,85,19,0.82,BD,1730243055
59,dudinka,69.4058,86.1778,-17.78,100,90,2.48,RU,1730243093
60,sultanpur,26.2667,82.0667,24.71,65,63,1.79,IN,1730242906
61,lesnoy,57.6198,63.0784,-1.24,87,96,2.53,RU,1730243095
62,kattivakkam,13.2167,80.3167,28.31,93,86,1.44,IN,1730243096
63,el granada,37.5027,-122.4694,19.35,54,20,6.17,US,1730243098
64,port alfred,-33.5906,26.891,13.99,99,100,2.68,ZA,1730243100
65,hotan,37.0997,79.9269,11.98,45,99,1.71,CN,1730243101
66,campo gallo,-26.5833,-62.85,30.12,26,0,3.18,AR,1730243103
67,antofagasta,-23.65,-70.4,16.6,87,11,2.48,CL,1730242305
68,mount pearl,47.5166,-52.7813,3.31,91,40,3.09,CA,1730243105
69,saynshand,44.8824,110.1163,4.47,69,100,3.83,MN,1730243106
70,lompoc,34.6391,-120.4579,16.96,63,40,8.75,US,1730243107
71,utrik,11.2278,169.8474,28.57,77,78,6.09,MH,1730243111
72,margaret river,-33.95,115.0667,14.54,77,93,4.45,AU,1730243112
73,grytviken,-54.2811,-36.5092,-0.49,79,47,4.19,GS,1730243114
74,vorgashor,67.5833,63.95,-2.6,97,100,4.02,RU,1730243115
75,tiksi,71.6872,128.8694,-23.61,100,85,1.47,RU,1730243116
76,sitka,57.0531,-135.33,9.94,57,100,9.77,US,1730243117
77,tazacorte,28.629,-17.9293,19.54,81,20,3.13,ES,1730243121
78,vrangel',42.7297,133.0839,8.73,92,100,3.14,RU,1730243122
79,udachny,66.4167,112.4,-28.0,100,97,1.82,RU,1730242920
80,vorkuta,67.5,64.0,-2.14,96,100,4.0,RU,1730243124
81,ewo,-0.8725,14.8206,22.76,95,100,1.66,CG,1730243126
82,stanley,54.868,-1.6985,9.01,93,20,2.57,GB,1730243127
83,prince rupert,54.3161,-130.3201,8.83,71,100,18.01,CA,1730242902
84,hawaiian paradise park,19.5933,-154.9731,27.73,75,0,4.63,US,1730243132
85,kismayo,-0.3582,42.5454,24.19,88,24,3.07,SO,1730243133
86,touros,-5.1989,-35.4608,25.23,70,84,6.55,BR,1730243134
87,longyearbyen,78.2186,15.6401,-3.09,93,40,1.03,SJ,1730243126
88,madalena,41.2162,-8.3345,20.32,68,99,5.61,PT,1730243136
89,machico,32.7,-16.7667,20.0,77,75,3.09,PT,1730242981
90,bethel,41.3712,-73.414,14.56,78,100,3.09,US,1730243139
91,albany,42.6001,-73.9662,12.02,70,100,1.79,US,1730243140
92,arno,60.1167,18.6333,9.89,83,100,7.12,SE,1730243141
93,happy valley-goose bay,53.3168,-60.3315,-1.83,74,40,2.57,CA,1730243143
94,walvis bay,-22.9575,14.5053,12.53,94,1,1.54,NA,1730243144
95,mokrin,45.9358,20.4072,12.93,69,0,1.33,RS,1730243145
96,crane,31.3974,-102.3501,27.92,36,0,11.53,US,1730243146
97,whitehorse,60.7161,-135.0538,1.43,80,100,8.23,CA,1730243148
98,cockburn town,21.4612,-71.1419,28.09,76,99,10.4,TC,1730242942
99,pauini,-7.7136,-66.9764,29.27,53,40,1.51,BR,1730243062
100,ilulissat,69.2167,-51.1,-9.99,67,100,4.12,GL,1730243151
101,lebu,-37.6167,-73.65,13.16,83,74,1.49,CL,1730243152
102,invercargill,-46.4,168.35,11.68,89,100,6.26,NZ,1730243154
103,hengchun,22.0042,120.7439,25.16,79,100,2.4,TW,1730243155
104,whitby,54.4877,-0.615,11.88,86,61,1.34,GB,1730243156
105,norilsk,69.3535,88.2027,-16.36,94,67,3.79,RU,1730243157
106,dunedin,-45.8742,170.5036,14.89,68,85,2.68,NZ,1730243158
107,constantia,44.1833,28.65,8.38,65,0,4.08,RO,1730242926
108,alice springs,-23.7,133.8833,25.75,17,99,3.6,AU,1730242953
109,ar ruways,24.1103,52.7306,26.64,56,1,5.19,AE,1730243055
110,san antonio de pale,-1.4014,5.6325,25.49,84,99,3.91,GQ,1730243163
111,gilgit,35.9221,74.3087,10.94,62,26,0.38,PK,1730243165
112,mount isa,-20.7333,139.5,30.87,30,20,5.66,AU,1730243016
113,bubaque,11.2833,-15.8333,27.5,76,74,2.78,GW,1730243167
114,kegeyli shahar,42.7767,59.6078,9.47,64,95,3.58,UZ,1730243168
115,nova sintra,14.8667,-24.7167,25.63,72,100,5.34,CV,1730243169
116,hermanus,-34.4187,19.2345,13.78,93,0,2.75,ZA,1730243171
117,fredericksburg,38.3032,-77.4605,16.97,78,0,0.0,US,1730243159
118,nova vicosa,-17.8919,-39.3719,25.2,80,100,2.65,BR,1730243173
119,puerto quijarro,-17.7833,-57.7667,26.59,77,71,0.21,BO,1730243174
120,cooma,-36.2333,149.1333,19.36,37,19,1.33,AU,1730243175
121,yuzhno-kurilsk,44.0306,145.8556,9.95,68,98,0.94,RU,1730243177
122,zakynthos,37.7914,20.8953,20.45,69,29,1.8,GR,1730243178
123,peterhead,57.5058,-1.7981,11.01,87,100,3.74,GB,1730243179
124,hadibu,12.65,54.0333,26.31,61,0,3.0,YE,1730243180
125,gaspe,48.8334,-64.4819,-1.88,64,20,0.0,CA,1730243182
126,westport,41.1415,-73.3579,15.87,80,100,5.66,US,1730243032
127,vadso,70.0744,29.7487,0.09,74,0,8.75,NO,1730243184
128,severnoye,56.3491,78.3619,-0.38,91,100,4.05,RU,1730243185
129,acajutla,13.5928,-89.8275,28.58,71,63,1.45,SV,1730243187
130,puerto baquerizo moreno,-0.9,-89.6,20.55,94,100,5.14,EC,1730243189
131,bardai,11.65,7.2333,23.3,29,100,3.22,NG,1730243190
132,smithers,54.7804,-127.1743,3.18,75,75,2.57,CA,1730243134
133,olonkinbyen,70.9221,-8.7187,-4.57,54,96,5.55,SJ,1730243192
134,magadi,12.9667,77.2333,19.3,91,67,0.91,IN,1730243173
135,qaqortoq,60.7167,-46.0333,-5.67,75,49,2.12,GL,1730243195
136,cabo san lucas,22.8909,-109.9124,33.17,45,20,2.57,MX,1730242997
137,mount gambier,-37.8333,140.7667,15.54,62,29,2.02,AU,1730243197
138,shagonar,51.5333,92.8,1.06,55,98,1.01,RU,1730243198
139,chernomorskoye,45.5039,32.6997,14.06,73,100,5.89,UA,1730243200
140,portland,45.5234,-122.6762,13.78,72,100,1.54,US,1730243178
141,papao,-17.75,-149.55,28.82,67,3,7.44,PF,1730243202
142,pacific grove,36.6177,-121.9166,16.47,81,0,4.12,US,1730242984
143,floro,61.5996,5.0328,8.98,76,40,7.72,NO,1730243205
144,benguela,-12.5763,13.4055,23.53,79,14,2.69,AO,1730243206
145,hasaki,35.7333,140.8333,17.51,91,100,9.37,JP,1730243007
146,igarka,67.4667,86.5833,-17.86,99,48,1.8,RU,1730243208
147,murun-kuren,49.6342,100.1625,-1.49,57,21,2.76,MN,1730243210
148,trairi,-3.2778,-39.2689,25.81,77,24,5.32,BR,1730242990
149,bredasdorp,-34.5322,20.0403,13.44,90,0,1.24,ZA,1730243212
150,hovd,48.0056,91.6419,-0.27,49,16,2.27,MN,1730243213
151,alaghsas,17.0187,8.0168,25.27,16,17,4.89,NE,1730243171
152,kerema,-7.9631,145.7785,26.17,81,99,3.21,PG,1730243216
153,qusmuryn,52.4503,64.6311,-0.53,87,58,1.55,KZ,1730243217
154,wanning,18.8003,110.3967,24.88,94,100,7.24,CN,1730243218
155,kostomuksha,64.571,30.5767,1.03,86,100,6.57,RU,1730243219
156,belmonte,-15.8631,-38.8828,23.88,85,2,3.2,BR,1730243220
157,iqaluit,63.7506,-68.5145,-6.8,85,53,5.3,CA,1730243222
158,port elizabeth,-33.918,25.5701,16.16,94,100,9.77,ZA,1730242993
159,blythe,33.6103,-114.5964,23.25,20,20,0.0,US,1730243224
160,kadugli,11.0167,29.7167,25.28,36,3,2.06,SD,1730243021
161,changji,44.0167,87.3167,4.44,93,100,3.0,CN,1730243227
162,penonome,8.5167,-80.3667,25.56,88,100,4.92,PA,1730243228
163,fort bragg,35.139,-79.006,19.39,74,100,0.0,US,1730243229
164,haiku-pauwela,20.9219,-156.3051,28.47,69,91,5.36,US,1730243230
165,tyukhtet,56.5389,89.3011,-0.24,85,100,3.71,RU,1730243232
166,nishinoomote,30.7333,131.0,23.71,80,100,8.66,JP,1730243233
167,tolanaro,-25.0319,46.9987,22.85,90,82,5.94,MG,1730243234
168,broken hill,-31.95,141.4333,23.09,21,0,0.74,AU,1730242951
169,bada,51.392,109.8717,-0.11,87,91,1.4,RU,1730243236
170,rongelap,11.1635,166.8941,28.68,78,67,6.55,MH,1730243238
171,sakchu-up,40.3894,125.0467,10.26,91,8,1.26,KP,1730243239
172,atafu village,-8.5421,-172.5159,27.78,78,25,5.64,TK,1730243241
173,rio de janeiro,-22.9028,-43.2075,23.12,81,75,4.63,BR,1730242975
174,arraial do cabo,-22.9661,-42.0278,20.98,100,100,0.0,BR,1730243001
175,turpan,42.9333,89.1667,11.34,52,7,0.89,CN,1730243245
176,pangai,-19.8,-174.35,24.55,81,72,6.89,TO,1730243246
177,prado,-17.3411,-39.2208,24.77,83,97,3.69,BR,1730243247
178,mammoth lakes,37.6485,-118.9721,3.48,50,40,4.12,US,1730243249
179,remire-montjoly,4.9167,-52.2667,27.02,89,0,1.03,GF,1730243250
180,east ballina,-28.8667,153.5833,21.04,62,100,1.82,AU,1730243251
181,east london,-33.0153,27.9116,17.34,71,99,12.31,ZA,1730243252
182,saint croix,17.7397,-64.7388,28.25,79,20,4.12,VI,1730243254
183,zag,46.9441,99.165,-8.96,92,71,1.41,MN,1730243255
184,sitangkai,4.6628,119.3928,27.91,76,100,1.41,PH,1730243256
185,north battleford,52.7834,-108.2847,2.98,44,6,3.43,CA,1730243257
186,mariental,-24.6333,17.9667,17.38,36,0,5.13,NA,1730243259
187,yaren,-0.5472,166.916,28.4,73,12,2.94,NR,1730243260
188,bulgan,48.8125,103.5347,2.33,66,100,2.26,MN,1730243261
189,coquimbo,-29.9533,-71.3436,15.55,74,20,4.63,CL,1730242996
190,susuman,62.7833,148.1667,-16.21,93,100,2.07,RU,1730243264
191,san luis,-33.295,-66.3356,27.38,25,0,4.73,AR,1730242977
192,geraldton,-28.7667,114.6,18.23,88,20,4.63,AU,1730243266
193,detroit lakes,46.8172,-95.8453,13.03,54,100,6.17,US,1730243118
194,nenjiang,49.1833,125.2167,1.11,93,28,2.83,CN,1730243268
195,qobustan,40.0824,49.412,14.31,77,72,2.42,AZ,1730243270
196,hami,42.8,93.45,8.31,63,15,2.69,CN,1730243271
197,avarua,-21.2078,-159.775,25.03,69,40,8.75,CK,1730243272
198,riohacha,11.5444,-72.9072,32.06,58,20,4.63,CO,1730243059
199,namsos,64.4662,11.4957,5.95,75,75,6.69,NO,1730243274
200,aldama,22.9167,-98.0667,26.76,66,27,4.78,MX,1730243276
201,la passe,45.5549,-0.8967,14.51,90,1,4.52,FR,1730243277
202,amasra,41.7463,32.3863,12.93,85,21,2.58,TR,1730243279
203,ambalangoda,6.2355,80.0538,28.88,84,60,3.59,LK,1730243280
204,talnakh,69.4865,88.3972,-16.36,95,47,2.84,RU,1730243282
205,hirara,24.8,125.2833,27.15,94,100,8.75,JP,1730243283
206,nuku'alofa,-21.1333,-175.2,27.19,89,75,7.2,TO,1730243110
207,dien bien phu,21.3833,103.0167,18.11,100,33,1.01,VN,1730243285
208,saint-pierre,-21.3393,55.4781,23.82,83,75,8.23,RE,1730243287
209,nagqu,31.5,92.0,-1.44,35,71,1.37,CN,1730243288
210,georgetown,5.4112,100.3354,25.96,88,20,2.06,MY,1730243070
211,labin,45.095,14.1197,14.41,74,0,2.8,HR,1730243290
212,saldanha,-33.0117,17.9442,15.03,85,0,7.71,ZA,1730243190
213,san felipe,10.3399,-68.7425,23.64,92,91,0.43,VE,1730243293
214,sinop,41.7711,34.8709,9.18,91,50,1.55,TR,1730243294
215,nogliki,51.8333,143.1667,0.32,76,34,1.98,RU,1730243295
216,saipan,15.1355,145.701,30.39,70,40,7.72,MP,1730243296
217,yermentau,51.6214,73.1069,-0.93,91,88,2.55,KZ,1730243297
218,mili,6.0815,171.735,28.42,74,89,4.22,MH,1730243299
219,lagoa,39.05,-27.9833,18.96,79,19,5.91,PT,1730243300
220,cidreira,-30.1811,-50.2056,20.51,90,27,7.09,BR,1730243301
221,ust-tsilma,65.441,52.1498,0.97,98,100,2.01,RU,1730243302
222,jijiga,9.35,42.8,18.68,80,65,2.5,ET,1730243304
223,calvinia,-31.4707,19.776,14.57,64,0,1.78,ZA,1730243306
224,puerto deseado,-47.7503,-65.8938,20.92,35,71,8.01,AR,1730243308
225,nar'yan-mar,67.6713,53.087,0.82,86,100,5.4,RU,1730243306
226,ponta delgada,37.7333,-25.6667,18.44,88,75,2.57,PT,1730243310
227,parun,35.4207,70.9221,-0.65,76,0,1.92,AF,1730243311
228,ribeira grande,38.5167,-28.7,17.65,83,7,1.79,PT,1730243313
229,turtas,58.9417,69.1325,-1.99,92,59,2.09,RU,1730243314
230,peniche,39.3558,-9.3811,17.47,75,54,4.79,PT,1730243140
231,luderitz,-26.6481,15.1594,16.44,73,0,9.13,NA,1730243318
232,maffra,-37.9667,146.9833,18.35,48,72,5.28,AU,1730243319
233,hamilton,39.1834,-84.5333,23.97,60,40,4.12,US,1730243232
234,urumqi,43.801,87.6005,2.53,93,100,3.0,CN,1730243323
235,alofi,-19.0595,-169.9187,27.94,61,75,5.14,NU,1730243326
236,reggane,26.7158,0.1714,26.38,24,95,1.56,DZ,1730243061
237,duba,27.3513,35.6901,26.24,62,0,2.52,SA,1730243329
238,codrington,-38.2667,141.9667,14.28,67,84,3.98,AU,1730243330
239,timimoun,29.2639,0.231,22.94,30,8,3.29,DZ,1730243332
240,porto novo,6.4965,2.6036,25.67,86,42,2.05,BJ,1730243334
241,jaitaran,26.2031,73.9364,24.77,43,0,2.93,IN,1730243336
242,la'ie,21.6477,-157.9253,25.66,83,96,4.02,US,1730243337
243,enewetak,11.3474,162.3373,28.85,74,83,6.01,MH,1730243338
244,kodiak,57.79,-152.4072,5.73,42,0,21.61,US,1730243296
245,new norfolk,-42.7826,147.0587,13.29,57,100,2.43,AU,1730243340
246,kavieng,-2.5744,150.7967,28.49,72,98,1.7,PG,1730243342
247,arcachon,44.5875,-1.0519,15.03,100,100,3.09,FR,1730243343
248,carutapera,-1.195,-46.02,26.28,80,89,3.56,BR,1730243344
249,argo,37.6333,22.7333,18.32,45,36,2.16,GR,1730243345
250,niksar,40.5917,36.9517,6.7,91,7,0.99,TR,1730243347
251,island harbour,50.724,-1.2758,13.88,72,100,2.2,GB,1730243348
252,lamu,-2.2717,40.902,25.13,81,0,4.49,KE,1730243349
253,anadyr,64.75,177.4833,-2.72,73,40,7.0,RU,1730243350
254,sovetskaya gavan',48.9723,140.2878,4.23,52,99,1.72,RU,1730243351
255,andi,42.7836,46.2617,-1.8,65,30,0.85,RU,1730243353
256,palmer,42.1584,-72.3287,11.96,62,100,2.06,US,1730243096
257,sabang,5.8933,95.3214,28.41,73,98,9.87,ID,1730243355
258,coron,11.9986,120.2043,25.67,91,99,4.03,PH,1730243356
259,klyuchi,52.2667,79.1667,-0.52,88,94,3.42,RU,1730243358
260,hithadhoo,-0.6,73.0833,27.95,73,94,4.56,MV,1730243359
261,vallenar,-28.5708,-70.7581,21.29,42,0,2.17,CL,1730243360
262,colonia,50.9333,6.95,13.86,89,100,0.51,DE,1730243361
263,mana,5.6592,-53.7767,27.28,80,100,5.12,GF,1730243362
264,nieves,15.3274,120.9485,25.05,93,100,2.37,PH,1730243364
265,laojunmiao,39.8333,97.7333,3.27,51,72,1.36,CN,1730243365
266,sandnessjoen,66.0217,12.6316,6.06,61,75,8.23,NO,1730243366
267,sola,-13.8833,167.55,26.18,78,89,2.68,VU,1730243367
268,bryne,58.7354,5.6477,10.81,85,75,7.72,NO,1730243369
269,ilha de mocambique,-15.0342,40.7358,25.63,84,11,7.99,MZ,1730243370
270,hugo,45.16,-92.9933,25.23,56,75,4.12,US,1730243371
271,mahina,-17.5065,-149.489,28.87,58,40,2.57,PF,1730243372
272,kavaratti,10.5669,72.642,27.82,70,91,2.39,IN,1730243373
273,nuuk,64.1835,-51.7216,-4.66,74,6,4.12,GL,1730243375
274,ambodifotatra,-16.9833,49.85,24.89,78,42,3.28,MG,1730243376
275,silver city,32.7701,-108.2803,18.7,35,67,7.6,US,1730243375
276,port-vila,-17.7338,168.3219,24.14,88,100,5.91,VU,1730243378
277,punta arenas,-53.15,-70.9167,9.06,53,0,13.38,CL,1730243124
278,sao felix do xingu,-6.6447,-51.995,28.64,47,79,0.63,BR,1730243382
279,zakamensk,50.3741,103.2863,-1.21,82,81,1.64,RU,1730243383
280,bathsheba,13.2167,-59.5167,28.34,83,20,1.54,BB,1730243386
281,benghazi,32.1167,20.0667,21.39,68,0,5.6,LY,1730243124
282,minas de marcona,-15.2119,-75.1103,14.6,75,6,6.53,PE,1730243388
283,ephraim,39.3597,-111.5863,3.23,85,100,5.36,US,1730243389
284,sao joao da barra,-21.6403,-41.0511,22.01,92,100,5.78,BR,1730243391
285,jolo,6.05,121.0167,26.58,83,100,0.55,PH,1730243392
286,morehead city,34.7229,-76.726,19.47,81,100,1.79,US,1730243197
287,kingston,17.997,-76.7936,31.53,66,40,7.72,JM,1730242841
288,callao,-12.0667,-77.15,19.16,72,20,8.75,PE,1730243237
289,kolokani,13.5728,-8.0339,27.37,32,100,2.35,ML,1730243397
290,machilipatnam,16.1667,81.1333,25.73,83,21,1.96,IN,1730243398
291,mogocha,53.7333,119.7667,-8.15,97,59,1.01,RU,1730243399
292,kiunga,-6.1219,141.2906,27.48,83,99,1.14,PG,1730243400
293,alo,6.5486,4.2686,25.56,87,34,2.04,NG,1730243402
294,upington,-28.4478,21.2561,19.21,39,0,4.12,ZA,1730243186
295,dompu,-8.5356,118.4622,27.79,74,14,1.54,ID,1730243405
296,bertrange,49.6111,6.05,10.81,92,100,1.54,LU,1730243407
297,ola,59.5833,151.2833,-7.44,65,100,6.13,RU,1730243408
298,college,64.8569,-147.8028,-4.01,75,100,3.6,US,1730243393
299,clarksville,36.5298,-87.3595,24.1,59,0,4.63,US,1730243283
300,cill airne,52.05,-9.5167,11.52,93,18,1.26,IE,1730243413
301,mhamid,29.82,-5.72,17.94,34,0,3.34,MA,1730243414
302,kerikeri,-35.2268,173.9474,13.33,80,50,5.5,NZ,1730243415
303,kamakhyanagar,20.9333,85.55,23.65,94,23,1.12,IN,1730243417
304,vilyuchinsk,52.9306,158.4028,4.15,69,95,21.73,RU,1730243358
305,tazovsky,67.4667,78.7,-4.95,93,100,2.16,RU,1730243419
306,kristiansund,63.1115,7.732,8.36,81,75,9.26,NO,1730243420
307,rikaze,29.25,88.8833,3.55,64,0,1.13,CN,1730243422
308,shanhecun,44.7,127.2,6.01,86,79,2.89,CN,1730243423
309,petropavlovsk-kamchatsky,53.0452,158.6483,3.33,41,40,12.0,RU,1730243424
310,laguna,38.421,-121.4238,21.73,29,0,4.63,US,1730243425
311,verkhneural'sk,53.8769,59.2106,-1.94,84,63,0.51,RU,1730243428
312,maintirano,-18.0667,44.0167,25.7,88,40,1.89,MG,1730243429
313,guozhen,34.3659,107.359,13.82,79,100,1.21,CN,1730243430
314,haisyn,48.8114,29.3898,9.65,73,97,0.39,UA,1730243432
315,las toscas,-28.3529,-59.258,25.49,39,0,4.14,AR,1730243433
316,bakaly,55.1789,53.8028,2.1,75,79,4.83,RU,1730243434
317,verkhniy tagil,57.3733,59.9556,-2.4,91,94,1.9,RU,1730243435
318,carbonear,47.7332,-53.2148,3.34,86,92,4.88,CA,1730243437
319,san luis de la loma,17.2706,-100.8939,28.5,76,6,1.37,MX,1730243438
320,vila velha,-20.3297,-40.2925,21.08,96,100,6.17,BR,1730243173
321,kinango,-4.1372,39.3153,22.97,91,33,0.74,KE,1730243440
322,las lomitas,-24.7096,-60.593,33.02,26,72,2.34,AR,1730243441
323,polyarnyy,69.1989,33.4478,-0.02,65,71,8.2,RU,1730243443
324,gadzhiyevo,69.2551,33.3362,-0.21,66,65,7.94,RU,1730243444
325,carnarvon,-24.8667,113.6333,22.21,76,0,8.73,AU,1730243447
326,fale old settlement,-9.3852,-171.2468,27.79,79,18,6.62,TK,1730243448
327,nabire,-3.3667,135.4833,28.67,72,87,0.39,ID,1730243449
328,chegdomyn,51.1167,133.0167,-0.27,85,100,0.99,RU,1730243450
329,butembo,0.15,29.2833,14.71,94,20,1.08,CD,1730243452
330,howard springs,-12.497,131.047,29.99,86,100,4.07,AU,1730243453
331,coahuayana de hidalgo,18.7,-103.6583,29.43,71,8,2.16,MX,1730243454
332,motueka,-41.1333,173.0167,14.5,57,89,2.72,NZ,1730243455
333,jiexiu,37.0244,111.9125,14.51,54,100,1.67,CN,1730243457
334,el calafate,-50.3408,-72.2768,9.48,79,16,4.93,AR,1730243458
335,paciran,-6.8767,112.3761,26.97,77,24,3.28,ID,1730243459
336,santa ana,33.7456,-117.8678,22.24,43,20,4.63,US,1730243272
337,novyy urengoy,66.0833,76.6333,-3.54,96,100,2.3,RU,1730243461
338,kudahuvadhoo,2.6708,72.8944,27.85,76,66,5.0,MV,1730243463
339,anatuya,-28.4606,-62.8347,27.99,31,0,4.74,AR,1730243464
340,merizo village,13.2658,144.6691,29.65,86,37,5.8,GU,1730243465
341,puerto gaitan,4.3133,-72.0816,28.02,70,92,2.6,CO,1730243467
342,ngereklmadel,7.4883,134.4856,26.05,89,100,3.09,PW,1730243468
343,binh long,11.6512,106.6071,20.96,95,31,0.53,VN,1730243469
344,mossel bay,-34.1831,22.146,15.72,79,64,3.7,ZA,1730243359
345,moultonborough,43.7548,-71.3967,6.83,72,100,0.45,US,1730243472
346,la tuque,47.4334,-72.7824,3.66,65,100,3.13,CA,1730243473
347,borzya,50.3833,116.5167,-5.35,93,31,1.31,RU,1730243475
348,fernie,49.5,-115.0687,4.81,67,99,1.45,CA,1730243476
349,murghob,38.1702,73.9667,-5.48,64,0,3.09,TJ,1730243477
350,ziro,27.6333,93.8333,10.87,97,14,0.31,IN,1730243478
351,sheringham,52.9408,1.2093,13.03,84,100,2.52,GB,1730243479
352,shimoda,34.6667,138.95,18.24,94,100,1.76,JP,1730243482
353,tostado,-29.232,-61.7692,26.94,30,0,3.75,AR,1730243483
354,ust'-kulom,61.6864,53.6902,1.73,98,100,2.35,RU,1730243484
355,neelankarai,12.9455,80.2575,28.29,89,40,1.54,IN,1730243486
356,greymouth,-42.4667,171.2,10.91,88,98,0.31,NZ,1730243487
357,tokar,18.4254,37.729,29.23,73,26,3.23,SD,1730243488
358,caucete,-31.6518,-68.2811,32.32,20,0,2.89,AR,1730243458
359,ugoofaaru,5.6667,73.0,27.21,82,92,5.34,MV,1730243491
360,lautoka,-17.6167,177.4667,28.92,65,75,4.63,FJ,1730243341
361,ha tinh,18.3333,105.9,20.92,97,100,4.25,VN,1730243493
362,tralee,52.2704,-9.7026,12.55,93,91,1.18,IE,1730243494
363,pinczow,50.5205,20.5265,11.45,87,14,1.65,PL,1730243496
364,puducherry,11.9333,79.8167,26.39,82,100,2.66,IN,1730243497
365,puerto colombia,10.9878,-74.9547,29.05,79,100,2.91,CO,1730243498
366,saint-paul,-21.0096,55.2707,23.63,96,43,0.4,RE,1730243211
367,kampen,52.555,5.9111,13.92,94,100,2.17,NL,1730243500
368,taltal,-25.4,-70.4833,17.15,79,17,2.2,CL,1730243502
369,northam,51.0333,-4.2167,12.56,95,17,1.35,GB,1730243503
370,chernyshevskiy,63.0128,112.4714,-23.18,100,92,0.88,RU,1730243504
371,enoch,37.7733,-113.0244,2.14,85,100,1.54,US,1730243505
372,weno,7.4515,151.8468,28.97,79,100,3.09,FM,1730243507
373,dryden,49.7833,-92.7503,7.34,70,100,2.06,CA,1730243485
374,playa del ingles,27.7567,-15.5787,19.86,79,71,2.53,ES,1730243410
375,zheleznodorozhnyy,55.7503,38.0042,1.72,86,23,2.19,RU,1730243510
376,huarmey,-10.0681,-78.1522,18.92,81,39,5.07,PE,1730243512
377,malvan,16.0667,73.4667,25.75,83,29,1.51,IN,1730243513
378,zhenlai,45.8495,123.2973,3.19,85,0,2.22,CN,1730243514
379,chipinge,-20.1883,32.6236,19.4,77,91,1.76,ZW,1730243515
380,griffith,41.5284,-87.4237,25.92,43,0,9.26,US,1730243516
381,kununurra,-15.7667,128.7333,29.99,74,4,2.06,AU,1730243518
382,villanueva,15.3167,-88.0,27.55,78,20,4.12,HN,1730243470
383,shache,38.4167,77.2406,10.77,45,46,2.64,CN,1730243520
384,balkh,36.75,67.0,10.94,43,0,2.48,AF,1730243522
385,toliara,-23.35,43.6667,25.94,63,86,1.61,MG,1730243523
386,girardot city,4.2987,-74.8047,28.24,57,100,0.84,CO,1730243524
387,tena,-0.9833,-77.8167,20.57,97,100,0.92,EC,1730243525
388,kruisfontein,-34.0033,24.7314,13.94,80,11,6.25,ZA,1730243526
389,ust-nera,64.5667,143.2,-20.33,100,97,1.31,RU,1730243528
390,salta,-24.7859,-65.4117,26.99,43,3,0.89,AR,1730243522
391,mildura,-34.2,142.15,21.31,32,0,0.16,AU,1730243530
392,suntar,62.1444,117.6319,-20.93,98,100,1.26,RU,1730243531
393,port moresby,-9.4431,147.1797,27.85,68,100,2.65,PG,1730243533
394,vila franca do campo,37.7167,-25.4333,18.27,99,12,2.31,PT,1730243534
395,wynyard,-41.0,145.7167,16.9,64,91,0.89,AU,1730243535
396,moses lake,47.1301,-119.2781,12.38,50,0,2.06,US,1730243536
397,selkirk,50.1436,-96.8845,6.77,80,100,1.34,CA,1730243537
398,lodwar,3.1191,35.5973,28.92,40,75,2.95,KE,1730243539
399,greenville,35.6127,-77.3663,18.97,91,100,0.0,US,1730243388
400,vilhena,-12.7406,-60.1458,21.73,90,92,1.8,BR,1730243541
401,ancud,-41.8697,-73.8203,13.41,81,100,0.49,CL,1730243542
402,boa vista,2.8197,-60.6733,31.99,48,20,1.54,BR,1730243310
403,houlton,46.1262,-67.8403,2.23,48,0,1.54,US,1730243545
404,lupane,-18.9315,27.807,21.52,36,2,1.82,ZW,1730243546
405,beyneu,45.3167,55.2,7.03,81,64,1.07,KZ,1730243547
406,caburan,5.9181,125.6411,26.89,65,22,1.14,PH,1730243548
407,fortaleza,-3.7227,-38.5247,27.34,69,0,5.14,BR,1730243047
408,andovoranto,-18.95,49.1,22.96,91,14,1.29,MG,1730243551
409,areia branca,-4.9561,-37.1369,26.19,69,84,11.62,BR,1730243552
410,itoman,26.1247,127.6694,27.27,89,75,6.17,JP,1730243553
411,taunggyi,20.7833,97.0333,16.1,92,5,0.64,MM,1730243554
412,armacao de buzios,-22.7469,-41.8817,21.69,90,100,3.9,BR,1730243556
413,coyhaique,-45.5752,-72.0662,12.53,82,81,3.04,CL,1730243472
414,isola di capo rizzuto,38.96,17.0933,18.56,69,52,2.15,IT,1730243558
415,bikenibeu village,1.3673,173.1241,29.98,70,20,2.06,KI,1730243559
416,nanao,37.05,136.9667,15.95,85,93,3.04,JP,1730243560
417,holualoa,19.6228,-155.9522,27.13,77,40,7.2,US,1730243562
418,beira,-19.8436,34.8389,26.47,77,100,6.72,MZ,1730243563
419,kirkwood,38.5834,-90.4068,26.62,49,65,3.58,US,1730243564
420,batavia,41.85,-88.3126,25.85,50,0,10.8,US,1730243565
421,kapa'a,22.0752,-159.319,28.18,82,40,7.72,US,1730243567
422,harper,4.375,-7.7169,25.07,90,38,2.07,LR,1730243568
423,vernon,50.2581,-119.2691,10.97,56,39,0.89,CA,1730243569
424,newnham,-41.3833,147.1333,14.53,58,100,4.12,AU,1730243570
425,kham sakae saeng,15.3322,102.1728,22.08,94,36,1.01,TH,1730243571
426,mao,39.8885,4.2658,21.31,88,100,8.75,ES,1730243385
427,ta`u,-14.2336,-169.5144,26.72,74,50,8.22,AS,1730243574
428,nikolayevsk-on-amure,53.1406,140.73,-1.75,79,41,1.62,RU,1730243576
429,yongchuan,29.3514,105.8947,19.35,80,100,1.16,CN,1730243578
430,hemsby,52.6971,1.6918,13.13,94,76,2.32,GB,1730243579
431,mata-utu,-13.2816,-176.1745,27.32,77,18,4.66,WF,1730243580
432,chui,-33.6971,-53.4616,16.12,89,1,2.88,UY,1730243581
433,keflavik,64.0049,-22.5624,4.24,87,75,13.38,IS,1730243583
434,port saint john's,-31.6229,29.5448,19.75,56,79,9.14,ZA,1730243584
435,queenstown,-31.8976,26.8753,8.62,79,52,4.57,ZA,1730243585
436,okhotsk,59.3833,143.3,-11.09,72,28,7.51,RU,1730243586
437,lata,40.1629,-8.3327,13.35,82,79,1.59,PT,1730243587
438,dombarovskiy,50.7587,59.5386,1.27,95,98,1.78,RU,1730243589
439,langtang,9.1333,9.7833,24.96,48,17,1.84,NG,1730243590
440,demyansk,57.643,32.466,2.58,90,99,2.62,RU,1730243591
441,bouar,5.934,15.596,19.29,76,49,1.55,CF,1730243592
442,kasongo-lunda,-6.4667,16.8167,22.45,96,98,0.67,CD,1730243593
443,serebryanyye prudy,54.4692,38.721,2.48,95,16,2.99,RU,1730243595
444,paita,-5.0892,-81.1144,18.94,80,32,8.42,PE,1730243596
445,masaya sur,16.497,121.7456,23.5,96,100,0.95,PH,1730243597
446,st. john's,47.5649,-52.7093,3.77,91,40,3.09,CA,1730243516
447,konarka,19.9,86.1167,25.86,85,11,1.4,IN,1730243600
448,sao vicente,-23.9631,-46.3919,21.66,26,64,3.02,BR,1730243601
449,selfoss,63.9331,-20.9971,4.47,75,91,10.03,IS,1730243602
450,bayanhongor,46.7167,100.1167,-9.53,91,95,1.92,MN,1730243604
451,arawa,-6.2132,155.5367,30.5,66,100,0.39,PG,1730243606
452,shambu,9.5667,37.1,10.66,90,96,0.53,ET,1730243607
453,tangalle,6.024,80.7911,25.21,91,100,3.43,LK,1730243608
454,beinamar,8.6698,15.3813,24.67,56,8,0.87,TD,1730243609
455,zhaqsy,51.9083,67.3133,-0.83,89,77,2.69,KZ,1730243611
456,scottburgh,-30.2867,30.7532,17.28,78,39,3.15,ZA,1730243612
457,kupang,-10.1667,123.5833,30.32,70,20,2.06,ID,1730243613
458,heroica guaymas,27.9333,-110.9,28.65,51,40,10.29,MX,1730243420
459,nouadhibou,20.931,-17.0347,21.99,56,95,7.2,MR,1730243617
460,morinville,53.8001,-113.652,5.33,59,24,2.59,CA,1730243618
461,raduzhny,62.0961,77.475,-2.29,96,88,1.28,RU,1730243619
462,yashkul',46.1711,45.3435,9.77,93,100,2.34,RU,1730243621
463,rio grande,-32.035,-52.0986,19.11,90,21,4.85,BR,1730243400
464,kaifeng,34.7911,114.3483,13.91,70,78,2.98,CN,1730243623
465,cambria,35.5641,-121.0808,20.69,70,2,3.58,US,1730243624
466,severo-yeniseyskiy,60.3725,93.0408,-3.38,98,100,2.08,RU,1730243626
467,kota tinggi,1.7381,103.8999,27.86,71,100,0.8,MY,1730243627
468,sinabang,2.4803,96.3801,26.61,81,100,0.44,ID,1730243628
469,hanceville,34.0607,-86.7675,23.98,56,0,2.99,US,1730243629
470,lycksele,64.5954,18.6735,3.93,75,96,4.12,SE,1730243630
471,nha trang,12.25,109.1833,25.0,85,52,2.5,VN,1730243632
472,san borja,-14.8167,-66.85,30.29,51,82,1.51,BO,1730243426
473,strezhevoy,60.7333,77.5889,-1.11,98,100,3.55,RU,1730243634
474,krasnoshchekovo,51.6708,82.7289,0.63,83,100,4.3,RU,1730243635
475,san andres,12.5847,-81.7006,25.01,100,40,4.12,CO,1730243637
476,zhangzhou,24.5133,117.6556,19.16,91,81,0.45,CN,1730243638
477,kone,-21.0595,164.8658,26.72,55,54,4.28,NC,1730243639
478,kaliua,-5.0606,31.7936,21.1,78,23,1.62,TZ,1730243640
479,yemva,62.59,50.8594,2.64,95,100,1.86,RU,1730243642
480,belyy yar,53.6039,91.3903,2.94,60,0,4.0,RU,1730243643
481,manggar,-2.8833,108.2667,27.64,80,100,3.54,ID,1730243644
482,horta,38.5333,-28.6333,17.23,84,6,1.34,PT,1730243582
483,pokrovsk,48.282,37.1758,6.07,69,9,2.82,UA,1730243647
484,port shepstone,-30.7414,30.455,20.13,60,65,6.44,ZA,1730243648
485,fortuna,40.5982,-124.1573,14.96,67,0,4.63,US,1730243649
486,kapuskasing,49.4169,-82.4331,8.45,98,100,2.31,CA,1730243650
487,chokwe,-24.5333,32.9833,21.71,91,47,5.79,MZ,1730243651
488,irbit,57.6705,63.071,-0.81,87,97,2.5,RU,1730243653
489,bumbesti-jiu,45.1667,23.4,10.72,81,40,1.67,RO,1730243654
490,novodvinsk,64.4165,40.8122,-1.14,92,43,3.41,RU,1730243655
491,minas de matahambre,22.5887,-83.9447,25.17,79,100,3.26,CU,1730243656
492,acarau,-2.8856,-40.12,26.06,79,34,9.58,BR,1730243415
493,nezhinka,51.7676,55.3694,-5.91,93,8,0.0,RU,1730243659
494,tabuk,17.4189,121.4443,23.29,100,100,1.04,PH,1730243660
495,laksham,23.2472,91.1425,22.93,89,46,1.61,BD,1730243661
496,preobrazheniye,42.9019,133.9064,7.82,91,100,1.78,RU,1730243662
497,betio village,1.358,172.9211,30.02,71,36,3.32,KI,1730243664
498,chebarkul',54.9749,60.3633,-1.36,88,100,0.47,RU,1730243666
499,karratha,-20.7377,116.8463,29.42,44,17,2.56,AU,1730243667
500,lospalos,-8.5186,127.0025,23.03,94,100,1.47,TL,1730243668
501,waddan,29.1614,16.139,20.15,52,1,2.95,LY,1730243670
502,narrabri,-30.3167,149.7833,26.4,50,0,1.79,AU,1730243671
503,shenjiamen,29.9576,122.298,20.88,83,100,8.62,CN,1730243672
504,cuiaba,-15.5961,-56.0967,26.96,74,40,3.6,BR,1730243673
505,gulf shores,30.246,-87.7008,24.47,70,0,2.68,US,1730243675
506,san jose,37.3394,-121.895,20.64,38,0,5.14,US,1730243665
507,karapinar,37.716,33.5506,9.33,47,19,2.47,TR,1730243678
508,pueblo,38.2545,-104.6091,19.97,23,0,10.29,US,1730243679
509,shalqar,47.8333,59.6,4.26,63,85,3.4,KZ,1730243541
510,grants,35.1473,-107.8514,14.13,28,0,5.66,US,1730243682
511,paracuru,-3.41,-39.0306,25.92,78,23,5.8,BR,1730243683
512,farshut,26.0549,32.1633,20.16,42,0,3.28,EG,1730243684
513,khash,28.2211,61.2158,13.72,39,0,2.16,IR,1730243686
514,guerrero negro,27.9769,-114.0611,19.42,58,0,10.18,MX,1730243687
515,warman,52.3168,-106.5679,5.61,52,22,4.42,CA,1730243688
516,dzerzhinskoye,56.8344,95.2283,2.04,83,98,4.62,RU,1730243689
517,grootfontein,-19.5667,18.1167,18.77,16,0,1.64,NA,1730243690
518,trofaiach,47.4167,15.0,9.28,89,52,1.49,AT,1730243692
519,tura,25.5198,90.2201,20.93,93,7,1.07,IN,1730243671
520,asind,25.7333,74.3333,25.05,41,0,3.88,IN,1730243694
521,muroto-misakicho,33.2833,134.15,21.46,84,100,0.97,JP,1730243695
522,monteagudo,-19.8167,-63.9833,20.27,88,97,0.45,BO,1730243696
523,ivdel',60.6911,60.4206,-2.66,84,61,1.59,RU,1730243698
524,conduaga,8.862,117.4893,27.09,83,87,1.3,PH,1730243699
525,ribeira brava,32.65,-17.0667,20.0,61,22,1.12,PT,1730243700
526,sukumo,32.9333,132.7333,18.11,91,100,2.88,JP,1730243703
527,sisimiut,66.9395,-53.6735,-8.9,67,13,5.76,GL,1730243704
528,dese,11.1333,39.6333,10.93,81,59,1.12,ET,1730243705
529,colby,39.3958,-101.0524,29.03,20,0,12.96,US,1730243707
530,porbandar,21.6422,69.6093,26.6,71,0,2.79,IN,1730243708
531,hirschau,49.545,11.9508,10.01,100,100,0.0,DE,1730243709
532,el nido,11.1858,119.3956,27.3,92,100,6.1,PH,1730243710
533,ofunato,39.0717,141.7167,13.01,93,100,2.36,JP,1730243711
534,diego de almagro,-26.3667,-70.05,21.19,33,0,3.1,CL,1730243713
535,impfondo,1.6381,18.0667,21.51,99,84,0.35,CG,1730243714
536,santana,-0.0583,-51.1817,30.1,74,0,5.14,BR,1730243715
537,takoradi,4.8845,-1.7554,25.19,88,80,0.67,GH,1730243716
538,praia da vitoria,38.7333,-27.0667,19.14,88,75,4.36,PT,1730243718
539,ghadamis,30.1337,9.5007,25.5,22,74,5.66,LY,1730243719
540,chibougamau,49.9168,-74.3659,3.79,60,100,4.63,CA,1730243720
541,taihecun,45.8,130.85,4.23,80,100,1.66,CN,1730243721
542,mossendjo,-2.9506,12.7261,20.88,99,95,0.73,CG,1730243723
543,ciudad lazaro cardenas,17.9583,-102.2,28.53,74,1,2.61,MX,1730243636
544,paracin,43.8608,21.4078,10.22,86,88,0.69,RS,1730243725
545,zhuanghe,39.7008,122.9911,10.46,84,0,2.8,CN,1730243726
546,marshfield,44.6689,-90.1718,23.97,53,75,4.63,US,1730243539
547,villa gesell,-37.2639,-56.973,18.12,92,53,4.58,AR,1730243557
548,kuta,-8.7233,115.1723,25.97,94,20,1.54,ID,1730243730
549,howrah,22.5892,88.3103,27.0,94,40,0.0,IN,1730243732
550,ciudad real,39.0,-4.0,13.79,83,100,2.99,ES,1730243733
551,xam nua,20.4197,104.0439,15.19,98,6,0.37,LA,1730243735
552,hualien city,23.9769,121.6044,22.4,98,100,4.69,TW,1730243736
553,kardla,58.9978,22.7492,10.98,89,98,7.56,EE,1730243737
554,aswan,24.0934,32.907,22.1,40,29,4.25,EG,1730243738
555,hilo,19.7297,-155.09,27.85,78,0,4.63,US,1730243687
556,uturoa,-16.7333,-151.4333,25.15,69,55,8.0,PF,1730243741
557,daru,-9.0763,143.2092,28.05,77,100,5.16,PG,1730243742
